,time,open,high,low,close,volume
0,2023-11-24,12.42,12.65,11.88,12.65,56872317
1,2023-11-27,12.65,12.65,12.23,12.27,22106287
2,2023-11-28,12.27,12.42,11.81,12.38,35577979
3,2023-11-29,12.49,12.61,12.34,12.53,24057246
4,2023-11-30,12.46,12.87,12.46,12.49,38618995
5,2023-12-01,12.65,12.84,12.42,12.72,29428437
6,2023-12-04,13.07,13.6,13.03,13.56,68855918
7,2023-12-05,13.56,13.67,13.41,13.48,32039232
8,2023-12-06,13.48,13.83,13.41,13.75,29391050
9,2023-12-07,13.75,13.79,12.95,13.29,73901842
10,2023-12-08,13.33,13.41,12.95,13.1,23887806
11,2023-12-11,12.95,13.18,12.65,13.03,41146251
12,2023-12-12,13.1,13.22,12.99,13.03,12591758
13,2023-12-13,13.18,13.22,12.65,12.65,28229674
14,2023-12-14,12.84,12.87,12.49,12.53,24080111
15,2023-12-15,12.49,12.87,12.42,12.57,24040417
16,2023-12-18,12.65,12.68,12.46,12.49,12673206
17,2023-12-19,12.49,12.8,12.46,12.8,16403000
18,2023-12-20,12.87,13.07,12.72,12.91,17485550
19,2023-12-21,12.72,12.87,12.72,12.84,10024125
20,2023-12-22,12.87,13.07,12.68,12.72,19624313
21,2023-12-25,12.76,13.03,12.65,12.87,19448495
22,2023-12-26,12.99,13.1,12.91,13.03,15366048
23,2023-12-27,13.1,13.29,13.03,13.03,19919955
24,2023-12-28,12.99,13.18,12.95,13.03,17097182
25,2023-12-29,13.1,13.14,12.99,13.03,13099145
26,2024-01-02,13.18,13.22,12.3,12.49,51750576
27,2024-01-03,12.46,12.68,12.46,12.68,13675809
28,2024-01-04,12.72,13.14,12.72,12.76,31659189
29,2024-01-05,12.87,12.87,12.65,12.76,12796484
30,2024-01-08,12.87,13.07,12.76,12.87,20213131
31,2024-01-09,12.99,13.18,12.87,12.91,25705983
32,2024-01-10,12.91,12.95,12.65,12.72,18716164
33,2024-01-11,12.87,13.18,12.8,13.1,42524459
34,2024-01-12,12.99,13.22,12.84,12.91,36638892
35,2024-01-15,13.03,13.1,12.72,12.72,21284629
36,2024-01-16,12.68,12.99,12.65,12.99,17249272
37,2024-01-17,13.07,13.67,12.99,13.29,52836086
38,2024-01-18,13.33,13.48,13.22,13.29,19274028
39,2024-01-19,13.56,13.64,13.18,13.22,26835493
40,2024-01-22,13.33,13.41,12.99,13.22,23013519
41,2024-01-23,13.26,13.33,13.18,13.22,16663747
42,2024-01-24,13.22,13.48,13.22,13.26,24401060
43,2024-01-25,13.37,13.37,13.22,13.22,9970417
44,2024-01-26,13.22,13.33,13.18,13.22,13986586
45,2024-01-29,13.26,13.37,13.14,13.14,14753642
46,2024-01-30,13.14,13.26,13.03,13.26,14189067
47,2024-01-31,13.29,13.64,13.26,13.29,37304438
48,2024-02-01,13.33,13.37,13.22,13.26,12075260
49,2024-02-02,13.37,13.71,13.29,13.48,39028355
50,2024-02-05,13.52,13.64,13.45,13.56,15560891
51,2024-02-06,13.64,13.94,13.6,13.71,25534514
52,2024-02-07,13.79,13.9,13.6,13.79,16142433
53,2024-02-15,13.87,13.9,13.56,13.6,24616350
54,2024-02-16,13.6,13.83,13.56,13.67,21896804
55,2024-02-19,13.67,13.71,13.33,13.64,27342174
56,2024-02-20,13.71,14.25,13.71,13.94,49431837
57,2024-02-21,13.98,14.09,13.83,13.98,24694970
58,2024-02-22,13.94,14.02,13.75,13.75,15184124
59,2024-02-23,13.87,13.87,13.29,13.33,37260198
60,2024-02-26,13.29,13.83,13.18,13.67,24951633
61,2024-02-27,13.79,14.06,13.64,13.79,22085902
62,2024-02-28,13.87,14.06,13.71,13.83,28146337
63,2024-02-29,13.94,14.32,13.83,13.94,36502953
64,2024-03-01,13.98,14.44,13.98,14.4,38401521
65,2024-03-04,14.7,14.74,14.32,14.4,25311130
66,2024-03-05,14.44,14.59,14.17,14.55,29874125
67,2024-03-06,14.59,14.7,14.13,14.25,28521200
68,2024-03-07,14.25,15.24,14.21,15.08,63138648
69,2024-03-08,15.2,15.35,14.78,14.82,38539230
70,2024-03-11,14.82,14.97,14.32,14.78,34047201
71,2024-03-12,14.59,14.67,14.25,14.32,34320379
72,2024-03-13,14.36,15.31,14.36,15.31,37296099
73,2024-03-14,15.35,16.34,15.24,15.85,46846498
74,2024-03-15,15.85,16.15,15.43,15.85,25401381
75,2024-03-18,16.0,16.15,14.74,15.05,62737344
76,2024-03-19,15.2,15.2,14.7,14.7,23916971
77,2024-03-20,14.78,15.24,14.63,15.24,28830583
78,2024-03-21,15.66,15.69,15.2,15.35,32814400
79,2024-03-22,15.54,15.77,15.16,15.35,39375453
80,2024-03-25,15.77,15.77,15.24,15.39,40046640
81,2024-03-26,15.39,15.96,15.08,15.96,35867644
82,2024-03-27,16.26,16.26,15.77,16.0,26469831
83,2024-03-28,16.19,16.19,15.81,16.0,29134782
84,2024-03-29,16.0,16.0,15.62,15.66,29223933
85,2024-04-01,15.58,15.85,15.31,15.66,31825507
86,2024-04-02,15.62,15.96,15.35,15.96,25872297
87,2024-04-03,16.0,16.3,15.62,15.62,42450856
88,2024-04-04,15.66,15.69,15.24,15.31,30671326
89,2024-04-05,15.08,15.12,14.7,14.7,51531113
90,2024-04-08,14.82,14.82,14.44,14.44,33951206
91,2024-04-09,14.55,14.97,14.44,14.97,27611953
92,2024-04-10,14.97,14.97,14.63,14.63,17473552
93,2024-04-11,14.44,14.74,14.4,14.59,26488990
94,2024-04-12,14.78,15.01,14.63,14.86,22803414
95,2024-04-15,14.82,15.05,13.83,13.83,43881940
96,2024-04-16,13.79,13.87,12.91,13.6,62517746
97,2024-04-17,13.71,13.75,12.95,12.95,32314273
98,2024-04-19,12.65,13.1,12.19,12.42,47427441
99,2024-04-22,12.84,13.26,12.68,13.07,27935772
100,2024-04-23,13.07,13.1,12.53,12.61,20906648
101,2024-04-24,12.87,13.26,12.76,13.14,26371195
102,2024-04-25,13.07,13.1,12.87,13.03,15166220
103,2024-04-26,12.72,13.03,12.72,12.84,16462092
104,2024-05-02,12.84,12.91,12.65,12.76,11512836
105,2024-05-03,12.95,13.03,12.72,12.8,14418415
106,2024-05-06,12.95,13.45,12.87,13.41,28668954
107,2024-05-07,13.41,13.45,13.22,13.33,14667054
108,2024-05-08,13.18,13.52,13.07,13.33,22967088
109,2024-05-09,13.41,13.48,13.1,13.14,17259007
110,2024-05-10,13.26,13.41,13.07,13.37,18470912
111,2024-05-13,13.41,13.56,13.26,13.37,17705986
112,2024-05-14,13.41,13.52,13.29,13.33,9988150
113,2024-05-15,13.33,13.83,13.33,13.6,27866630
114,2024-05-16,13.79,13.98,13.71,13.83,27152597
115,2024-05-17,13.87,14.06,13.75,13.9,20806759
116,2024-05-20,14.09,14.17,13.9,13.9,22187740
117,2024-05-21,13.9,14.02,13.67,13.94,20787311
118,2024-05-22,13.98,14.28,13.79,13.87,28472154
119,2024-05-23,13.83,14.02,13.45,14.02,29139132
120,2024-05-24,13.83,13.9,13.29,13.48,34739802
121,2024-05-27,13.48,13.67,13.33,13.64,11677849
122,2024-05-28,13.71,13.87,13.64,13.83,15174455
123,2024-05-29,13.83,14.02,13.64,13.71,18821838
124,2024-05-30,13.52,13.75,13.37,13.64,21948883
125,2024-05-31,13.64,13.9,13.64,13.71,16874268
126,2024-06-03,13.87,14.09,13.87,13.98,23345265
127,2024-06-04,14.02,14.21,13.9,13.9,17649925
128,2024-06-05,14.02,14.09,13.83,13.83,13277305
129,2024-06-06,13.87,13.98,13.71,13.79,11668803
130,2024-06-07,13.87,13.9,13.75,13.75,12234877
131,2024-06-10,13.83,14.06,13.79,13.9,14506885
132,2024-06-11,13.98,14.02,13.79,13.98,17094107
133,2024-06-12,14.06,14.67,14.02,14.51,50549806
134,2024-06-13,14.63,14.67,14.4,14.4,15167951
135,2024-06-14,14.51,14.63,13.87,13.87,32268883
136,2024-06-17,13.87,14.02,13.75,13.87,17134073
137,2024-06-18,13.98,14.06,13.83,13.87,13427962
138,2024-06-19,13.87,13.94,13.71,13.75,15754073
139,2024-06-20,13.83,13.83,13.41,13.41,22943982
140,2024-06-21,13.45,13.56,13.33,13.33,15263192
141,2024-06-24,13.33,13.41,12.65,12.72,33202065
142,2024-06-25,12.8,12.91,12.68,12.8,10808675
143,2024-06-26,12.8,12.99,12.72,12.8,7792678
144,2024-06-27,12.8,12.91,12.68,12.8,7152724
145,2024-06-28,12.8,12.87,12.34,12.49,15200895
146,2024-07-01,12.57,12.68,12.38,12.65,6411487
147,2024-07-02,12.72,12.84,12.68,12.84,5465127
148,2024-07-03,12.84,13.07,12.84,12.99,7898644
149,2024-07-04,13.03,13.18,12.87,12.91,6219958
150,2024-07-05,12.95,12.95,12.72,12.8,6756741
151,2024-07-08,12.91,12.99,12.76,12.8,6439917
152,2024-07-09,12.8,13.18,12.8,13.14,13008381
153,2024-07-10,13.14,13.18,12.95,12.95,6095907
154,2024-07-11,13.07,13.18,12.99,13.1,9640179
155,2024-07-12,13.14,13.18,12.84,12.84,9461568
156,2024-07-15,12.91,12.95,12.8,12.84,5486930
157,2024-07-16,12.91,13.1,12.84,12.87,8492678
158,2024-07-17,13.03,13.1,12.53,12.65,14007875
159,2024-07-18,12.72,12.91,12.49,12.91,7971811
160,2024-07-19,12.84,12.87,12.04,12.04,55236784
161,2024-07-22,11.73,11.85,11.24,11.24,27578235
162,2024-07-23,11.39,11.43,10.59,10.63,31449929
163,2024-07-24,10.32,11.08,10.32,11.05,18628058
164,2024-07-25,11.05,11.05,10.67,10.7,9190122
165,2024-07-26,10.82,10.82,10.4,10.51,20244664
166,2024-07-29,10.59,10.82,10.55,10.59,22032212
167,2024-07-30,10.59,10.59,10.06,10.06,39962338
168,2024-07-31,10.71,10.71,10.57,10.71,28668987
169,2024-08-01,11.0,11.0,10.38,10.62,32803473
170,2024-08-02,10.57,11.0,10.48,10.95,24823802
171,2024-08-05,10.62,10.95,10.24,10.33,24616833
172,2024-08-06,10.62,10.71,10.33,10.62,15207984
173,2024-08-07,10.71,10.71,10.43,10.62,11785056
174,2024-08-08,10.48,10.81,10.48,10.57,11733037
175,2024-08-09,10.76,10.9,10.62,10.81,21623246
176,2024-08-12,10.86,10.95,10.76,10.95,13026656
177,2024-08-13,10.95,10.95,10.62,10.81,15180951
178,2024-08-14,10.9,10.9,10.52,10.57,17986548
179,2024-08-15,10.62,10.67,10.38,10.67,15154488
180,2024-08-16,10.71,11.38,10.67,11.38,55180014
181,2024-08-19,11.62,11.67,11.29,11.43,25147491
182,2024-08-20,11.43,11.76,11.19,11.57,37755146
183,2024-08-21,11.52,11.67,11.38,11.67,22602419
184,2024-08-22,11.67,11.67,11.48,11.57,18608750
185,2024-08-23,11.57,11.67,11.33,11.57,28516217
186,2024-08-26,11.71,11.81,11.48,11.57,31274626
187,2024-08-27,11.52,11.57,11.24,11.33,26451460
188,2024-08-28,11.38,11.48,11.1,11.48,36330769
189,2024-08-29,11.52,11.76,11.33,11.57,54523414
190,2024-08-30,11.62,11.62,11.33,11.57,40950523
191,2024-09-04,11.33,11.52,11.29,11.43,20358881
192,2024-09-05,11.57,11.62,11.24,11.33,20048210
193,2024-09-06,11.33,11.38,11.1,11.24,17927624
194,2024-09-09,11.24,11.24,11.0,11.1,14064955
195,2024-09-10,11.24,11.24,10.71,10.81,21335144
196,2024-09-11,10.81,10.95,10.62,10.76,14815959
197,2024-09-12,10.95,11.0,10.71,10.71,8025110
198,2024-09-13,10.86,10.95,10.71,10.76,11845642
199,2024-09-16,10.86,10.86,10.52,10.52,12154955
200,2024-09-17,10.52,10.76,10.52,10.76,10045044
201,2024-09-18,10.81,11.05,10.76,10.81,15525994
202,2024-09-19,10.9,10.95,10.76,10.86,8368962
203,2024-09-20,10.95,11.05,10.71,10.71,34793300
204,2024-09-23,10.86,10.9,10.76,10.81,9296219
205,2024-09-24,10.86,10.9,10.76,10.86,7787068
206,2024-09-25,10.9,11.43,10.9,11.43,39879916
207,2024-09-26,11.48,11.52,11.33,11.38,19675020
208,2024-09-27,11.43,11.57,11.29,11.33,23213533
209,2024-09-30,11.38,11.62,11.24,11.43,23715592
210,2024-10-01,11.52,12.05,11.43,11.76,50117804
211,2024-10-02,11.71,11.81,11.57,11.62,21612671
212,2024-10-03,11.71,11.76,11.14,11.29,36118542
213,2024-10-04,11.29,11.38,11.19,11.24,14100609
214,2024-10-07,11.29,11.38,11.14,11.29,11842321
215,2024-10-08,11.29,11.57,11.14,11.43,27952874
216,2024-10-09,11.48,11.62,11.33,11.48,18938402
217,2024-10-10,11.57,11.62,11.19,11.29,27580072
218,2024-10-11,11.29,11.33,11.24,11.33,12861182
219,2024-10-14,11.38,11.48,10.86,10.95,47413812
220,2024-10-15,10.95,11.05,10.76,10.76,19084904
221,2024-10-16,10.81,10.95,10.67,10.76,20860999
222,2024-10-17,10.81,10.9,10.62,10.9,16474260
223,2024-10-18,11.05,11.05,10.86,10.86,8811902
224,2024-10-21,10.86,11.24,10.76,11.0,29174694
225,2024-10-22,11.0,11.14,10.86,10.95,14415750
226,2024-10-23,10.95,11.0,10.86,10.9,8941414
227,2024-10-24,10.9,10.9,10.71,10.71,15057590
228,2024-10-25,10.81,10.81,10.57,10.57,11390912
229,2024-10-28,10.48,10.57,10.38,10.43,32936683
230,2024-10-29,10.48,10.62,10.43,10.48,14666863
231,2024-10-30,10.48,10.52,10.29,10.33,14327208
232,2024-10-31,10.38,10.48,10.29,10.43,13723201
233,2024-11-01,10.38,10.43,10.24,10.24,11114449
234,2024-11-04,10.33,10.33,10.0,10.24,25148487
235,2024-11-05,10.24,10.33,10.1,10.1,9909712
236,2024-11-06,10.19,10.33,10.1,10.29,15283630
237,2024-11-07,10.38,10.43,10.24,10.24,11319598
238,2024-11-08,10.29,10.33,10.14,10.14,10140281
239,2024-11-11,10.14,10.19,9.95,10.0,18369788
240,2024-11-12,10.05,10.14,9.86,9.9,16111917
241,2024-11-13,9.86,9.9,9.52,9.67,38002439
242,2024-11-14,9.62,9.71,9.43,9.45,20743727
243,2024-11-15,9.44,9.52,9.14,9.24,29367373
244,2024-11-18,9.19,9.62,9.19,9.43,24081606
245,2024-11-19,9.43,9.5,9.12,9.12,14866760
246,2024-11-20,9.12,9.37,8.99,9.22,20082135
247,2024-11-21,9.24,9.41,9.22,9.4,12219684
248,2024-11-22,9.39,9.41,9.26,9.26,13567580
249,2024-11-25,9.26,9.42,9.26,9.36,13247986
250,2024-11-26,9.36,9.76,9.36,9.62,25005331
251,2024-11-27,9.67,9.71,9.52,9.57,8484267
252,2024-11-28,9.67,9.71,9.52,9.52,11567357
253,2024-11-29,9.52,9.71,9.5,9.57,15921421
254,2024-12-02,9.67,9.71,9.52,9.57,8437668
255,2024-12-03,9.52,9.62,9.41,9.41,20601885
256,2024-12-04,9.41,9.46,9.25,9.25,15783073
257,2024-12-05,9.29,9.86,9.15,9.86,36641851
258,2024-12-06,9.9,10.0,9.71,9.71,24878923
259,2024-12-09,9.76,9.9,9.71,9.76,16028109
260,2024-12-10,9.71,9.86,9.71,9.71,12198155
261,2024-12-11,9.76,9.81,9.62,9.67,12135054
262,2024-12-12,9.67,9.76,9.62,9.67,8536329
263,2024-12-13,9.62,9.71,9.57,9.57,8833232
264,2024-12-16,9.57,9.9,9.57,9.86,23372040
265,2024-12-17,9.9,9.9,9.81,9.81,13220143
266,2024-12-18,9.81,9.95,9.76,9.86,13451177
267,2024-12-19,9.76,9.81,9.62,9.71,19962020
268,2024-12-20,9.76,9.81,9.62,9.81,28829669
269,2024-12-23,9.81,9.86,9.71,9.71,10014744
270,2024-12-24,9.71,9.76,9.57,9.62,10970939
271,2024-12-25,9.62,9.9,9.62,9.76,14042667
272,2024-12-26,9.76,9.81,9.67,9.67,7505568
273,2024-12-27,9.67,9.76,9.62,9.67,9090182
274,2024-12-30,9.67,9.71,9.51,9.52,12063079
275,2024-12-31,9.52,9.57,9.38,9.38,14720822
276,2025-01-02,9.37,9.62,9.37,9.47,8596011
277,2025-01-03,9.48,9.52,9.39,9.39,10945510
278,2025-01-06,9.39,9.42,9.09,9.14,14307658
279,2025-01-07,9.19,9.27,9.01,9.05,12113290
280,2025-01-08,9.05,9.23,9.05,9.18,7528673
281,2025-01-09,9.15,9.22,9.1,9.1,5555868
282,2025-01-10,9.1,9.13,8.76,8.76,20393354
283,2025-01-13,8.71,8.8,8.6,8.69,17496772
284,2025-01-14,8.69,8.8,8.61,8.61,10714274
285,2025-01-15,8.61,8.85,8.61,8.81,11086383
286,2025-01-16,8.89,9.33,8.89,8.97,14608875
287,2025-01-17,9.03,9.09,8.97,9.02,8466276
288,2025-01-20,9.02,9.14,8.96,9.08,14104993
289,2025-01-21,9.08,9.19,9.06,9.12,11198601
290,2025-01-22,9.13,9.21,8.98,8.98,9688166
291,2025-01-23,9.0,9.19,8.98,9.12,13942359
292,2025-01-24,9.14,9.52,9.14,9.42,23391941
293,2025-02-03,9.14,9.52,9.14,9.37,11032948
294,2025-02-04,9.4,9.67,9.4,9.67,24075946
295,2025-02-05,9.71,9.71,9.5,9.51,18891102
296,2025-02-06,9.62,9.81,9.52,9.57,23322195
297,2025-02-07,9.67,9.67,9.52,9.62,10819593
298,2025-02-10,9.57,9.62,9.47,9.49,20733586
299,2025-02-11,9.49,9.52,9.47,9.47,8595186
300,2025-02-12,9.47,9.67,9.47,9.5,15571319
301,2025-02-13,9.5,9.71,9.49,9.57,17353273
302,2025-02-14,9.62,9.81,9.62,9.67,25233274
303,2025-02-17,9.71,10.33,9.67,10.24,87822306
304,2025-02-18,10.33,10.62,10.19,10.43,42368883
305,2025-02-19,10.52,10.67,10.43,10.67,49103339
306,2025-02-20,10.71,10.9,10.57,10.71,49093990
307,2025-02-21,10.67,10.76,10.57,10.76,29397588
308,2025-02-24,10.71,11.0,10.62,10.95,42269473
309,2025-02-25,11.0,11.14,10.86,10.9,51610841
310,2025-02-26,10.95,11.14,10.86,10.9,36958926
311,2025-02-27,10.95,11.05,10.67,10.95,39576835
312,2025-02-28,10.95,11.14,10.81,10.9,35643679
313,2025-03-03,10.9,11.43,10.76,11.24,65480290
314,2025-03-04,11.14,11.29,10.48,10.95,96317589
315,2025-03-05,10.95,11.14,10.57,10.57,59879318
316,2025-03-06,10.71,11.29,10.67,11.29,113141825
317,2025-03-07,11.43,11.57,11.24,11.29,40189222
318,2025-03-10,11.33,11.57,11.29,11.33,39665090
319,2025-03-11,11.14,11.48,11.0,11.38,46007807
320,2025-03-12,11.43,11.9,11.43,11.86,87959591
321,2025-03-13,11.81,11.9,11.52,11.62,41323060
322,2025-03-14,11.52,11.81,11.48,11.71,33581226
323,2025-03-17,11.71,11.86,11.67,11.71,22906920
324,2025-03-18,11.86,11.9,11.52,11.62,32923263
325,2025-03-19,11.57,11.62,11.33,11.52,25792483
326,2025-03-20,11.57,11.81,11.48,11.71,24826136
327,2025-03-21,11.62,11.86,11.62,11.67,28567981
328,2025-03-24,11.67,11.76,11.52,11.76,25086492
329,2025-03-25,11.86,12.24,11.71,11.86,58800035
330,2025-03-26,11.86,12.19,11.81,12.0,48819725
331,2025-03-27,12.1,12.14,11.95,11.95,25077137
332,2025-03-28,11.95,12.1,11.81,11.95,34021503
333,2025-03-31,11.86,11.9,11.67,11.67,27408066
334,2025-04-01,11.76,12.0,11.71,11.9,20164245
335,2025-04-02,12.0,12.48,11.9,12.33,62113482
336,2025-04-03,11.86,12.0,11.48,11.48,71188170
337,2025-04-04,10.71,11.43,10.71,11.43,77571788
338,2025-04-08,11.05,11.24,10.67,10.67,21598886
339,2025-04-09,9.95,10.52,9.95,9.95,92938292
340,2025-04-10,10.62,10.62,10.62,10.62,1235362
341,2025-04-11,11.14,11.33,10.76,11.33,72008200
342,2025-04-14,11.48,12.1,11.33,12.1,61266892
343,2025-04-15,12.1,12.48,11.67,12.0,51470395
344,2025-04-16,12.14,12.24,11.76,11.86,30529153
345,2025-04-17,11.71,12.19,11.71,11.95,37159048
346,2025-04-18,12.14,12.57,12.0,12.1,90269265
347,2025-04-21,12.33,12.43,11.71,11.9,42558796
348,2025-04-22,11.67,11.95,11.1,11.62,109314653
349,2025-04-23,12.05,12.1,11.67,11.67,23708519
350,2025-04-24,11.81,11.81,11.29,11.52,42204877
351,2025-04-25,11.67,11.67,11.33,11.43,24858642
352,2025-04-28,11.57,11.62,11.38,11.48,18911855
353,2025-04-29,11.48,11.57,11.38,11.38,17992529
354,2025-05-05,11.52,12.0,11.48,11.86,33798103
355,2025-05-06,11.95,12.05,11.67,11.71,30965533
356,2025-05-07,11.67,11.81,11.52,11.57,27047557
357,2025-05-08,11.67,11.9,11.62,11.81,25763473
358,2025-05-09,11.9,12.19,11.81,11.86,38843820
359,2025-05-12,11.95,12.05,11.81,12.0,29474481
360,2025-05-13,12.29,12.62,12.1,12.24,60492960
361,2025-05-14,12.24,12.48,12.1,12.24,37225910
362,2025-05-15,12.33,12.52,12.1,12.48,47932676
363,2025-05-16,12.52,12.76,12.43,12.43,67975961
364,2025-05-19,12.33,12.52,12.19,12.19,43209615
365,2025-05-20,12.24,12.76,12.1,12.67,64813247
366,2025-05-21,12.81,12.95,12.62,12.76,49426759
367,2025-05-22,12.81,13.57,12.71,12.91,105925219
368,2025-05-23,13.14,13.19,12.67,12.76,42513501
369,2025-05-26,12.81,13.0,12.33,12.91,54047595
370,2025-05-27,13.0,13.19,12.81,12.95,46203526
371,2025-05-28,13.19,13.52,12.91,13.14,74846170
372,2025-05-29,13.24,13.57,13.05,13.24,55376506
373,2025-05-30,13.24,13.43,12.86,13.0,44896501
374,2025-06-02,12.95,13.24,12.86,13.24,33489952
375,2025-06-03,13.48,13.76,13.29,13.38,65423748
376,2025-06-04,13.43,13.67,13.33,13.43,39336364
377,2025-06-05,13.43,13.52,13.05,13.19,50723507
378,2025-06-06,13.14,13.19,12.81,12.91,47697566
379,2025-06-09,12.91,13.0,12.48,12.52,37908778
380,2025-06-10,12.52,12.81,12.52,12.57,38525173
381,2025-06-11,12.71,12.86,12.57,12.67,23933758
382,2025-06-12,12.76,12.91,12.71,12.76,26893276
383,2025-06-13,12.52,12.62,12.19,12.38,65968737
384,2025-06-16,12.29,12.67,12.29,12.67,23987716
385,2025-06-17,12.71,12.76,12.48,12.52,27637818
386,2025-06-18,12.75,12.8,12.55,12.6,22721858
387,2025-06-19,12.6,12.6,12.4,12.45,15401377
388,2025-06-20,12.55,12.7,12.5,12.55,14695637
389,2025-06-23,12.45,12.5,12.15,12.45,22303687
390,2025-06-24,12.7,13.1,12.65,12.9,53389464
391,2025-06-25,12.95,13.0,12.8,12.85,21464806
392,2025-06-26,12.8,12.85,12.6,12.7,17674107
393,2025-06-27,12.85,12.9,12.65,12.7,16834615
394,2025-06-30,12.9,13.0,12.75,12.75,19161579
395,2025-07-01,12.9,12.9,12.65,12.8,25903800
396,2025-07-02,12.8,13.65,12.8,13.65,120961800
397,2025-07-03,13.7,14.6,13.6,14.15,125401100
398,2025-07-04,14.3,14.8,14.3,14.55,74330400
399,2025-07-07,14.75,15.2,14.55,14.85,69939100
400,2025-07-08,14.85,15.2,14.75,15.15,55672600
401,2025-07-09,15.3,16.0,15.3,15.55,60326700
402,2025-07-10,15.65,15.75,15.2,15.6,46300600
403,2025-07-11,15.6,16.1,15.45,15.85,50644800
404,2025-07-14,15.85,15.9,15.35,15.8,46475900
405,2025-07-15,15.75,16.7,15.7,16.0,60606300
406,2025-07-16,16.0,17.1,16.0,17.1,91904900
407,2025-07-17,17.7,18.0,17.35,17.65,51288400
408,2025-07-18,17.9,18.85,17.8,18.85,65011100
409,2025-07-21,19.45,19.7,18.6,19.3,71038700
410,2025-07-22,19.15,20.65,19.1,20.65,61721300
411,2025-07-23,21.5,22.05,20.85,21.65,64590100
412,2025-07-24,22.0,22.5,21.4,22.5,44869600
413,2025-07-25,22.9,24.05,22.7,24.05,35258900
414,2025-07-28,25.6,25.7,25.15,25.7,32943200
415,2025-07-29,27.35,27.35,23.95,23.95,118786000
416,2025-07-30,24.4,25.6,23.45,25.6,72979100
417,2025-07-31,26.3,27.3,25.55,27.3,54199600
418,2025-08-01,27.3,27.8,26.0,26.3,50221700
419,2025-08-04,25.35,27.9,25.3,27.7,45086000
420,2025-08-05,28.45,28.45,25.8,26.8,77812600
421,2025-08-06,26.95,28.65,26.45,28.5,60174500
422,2025-08-07,29.2,29.2,27.75,28.35,39959500
423,2025-08-08,28.55,29.2,27.85,28.5,52277200
424,2025-08-11,29.0,29.95,28.4,29.25,46874400
425,2025-08-12,29.6,30.2,29.0,30.0,31299200
426,2025-08-13,30.0,30.45,28.3,30.35,61939500
427,2025-08-14,30.5,32.45,30.45,32.45,38549200
428,2025-08-15,34.7,34.7,33.5,34.7,45093800
429,2025-08-18,36.4,37.0,35.25,37.0,38995000
430,2025-08-19,37.25,38.05,35.8,36.3,33039100
431,2025-08-20,36.3,37.45,33.8,36.5,48731400
432,2025-08-21,37.3,37.5,35.0,35.0,33667700
433,2025-08-22,34.4,35.5,32.9,34.5,43479600
434,2025-08-25,36.45,36.45,32.3,32.6,35657100
435,2025-08-26,32.45,34.85,32.3,34.85,32111700
436,2025-08-27,36.05,37.25,35.5,36.85,61173100
437,2025-08-28,37.0,38.45,35.85,38.4,58098900
438,2025-08-29,38.8,39.25,37.65,37.7,64672100
439,2025-09-03,37.6,37.85,36.9,37.45,22924900
440,2025-09-04,37.85,37.95,37.1,37.5,24527700
441,2025-09-05,38.0,38.0,35.5,36.0,38178100
442,2025-09-08,35.95,35.95,33.5,33.5,48937200
443,2025-09-09,32.6,35.5,31.55,35.5,38455200
444,2025-09-10,36.4,36.45,35.15,35.8,33130600
445,2025-09-11,35.7,35.7,33.3,34.8,44949800
446,2025-09-12,35.05,35.15,34.35,35.0,27309800
447,2025-09-15,36.5,37.45,36.0,37.45,49369000
448,2025-09-16,39.95,39.95,37.5,38.0,62363500
449,2025-09-17,37.5,37.7,36.5,36.5,20204000
450,2025-09-18,36.7,37.45,35.7,37.0,27618300
451,2025-09-19,37.1,37.5,35.2,35.2,39114500
452,2025-09-22,36.0,36.2,33.55,36.15,47687900
453,2025-09-23,36.15,37.2,35.75,36.9,23333000
454,2025-09-24,37.15,37.15,36.0,37.1,25941200
455,2025-09-25,37.3,38.0,37.05,37.25,24967300
456,2025-09-26,37.4,37.4,35.95,36.0,22037800
457,2025-09-29,36.0,36.7,35.5,36.1,17398800
458,2025-09-30,36.5,36.5,35.15,36.1,17665600
459,2025-10-01,36.8,37.8,36.55,37.0,31091800
460,2025-10-02,37.5,37.5,36.05,36.2,14714700
461,2025-10-03,36.1,36.1,35.1,35.5,22114400
462,2025-10-06,36.5,37.95,36.0,37.95,44750500
463,2025-10-07,38.0,38.9,37.35,37.5,27375700
464,2025-10-08,38.5,38.75,36.55,38.1,41788400
465,2025-10-09,38.9,38.9,37.6,38.1,31750600
466,2025-10-10,38.0,38.7,37.45,37.65,40677300
467,2025-10-13,37.05,37.65,36.7,37.5,33204000
468,2025-10-14,38.2,40.05,38.1,39.1,76556600
469,2025-10-15,39.8,40.2,39.15,39.6,42894900
470,2025-10-16,40.05,40.45,39.2,39.55,37095400
471,2025-10-17,39.7,40.15,38.25,38.4,42432700
472,2025-10-20,38.2,39.0,35.75,35.75,45007500
473,2025-10-21,35.55,36.2,33.4,34.7,76646100
474,2025-10-22,34.85,35.1,32.5,34.8,35307200
475,2025-10-23,35.0,35.0,33.1,33.1,22088700
476,2025-10-24,32.75,32.8,30.95,30.95,51360700
477,2025-10-27,31.0,32.9,30.8,31.0,56368900
478,2025-10-28,31.5,32.0,30.85,32.0,27812200
479,2025-10-29,32.05,32.2,31.1,31.5,26712800
480,2025-10-30,31.6,31.6,29.3,29.3,65614800
481,2025-10-31,29.0,29.9,27.55,28.0,47723100
482,2025-11-03,28.0,28.15,26.05,26.05,70721900
483,2025-11-04,25.7,27.85,25.7,27.85,63196200
484,2025-11-05,27.85,27.85,26.75,27.05,32145600
485,2025-11-06,27.0,27.2,26.05,26.25,26169600
486,2025-11-07,26.25,26.65,24.5,24.5,32217700
487,2025-11-10,24.35,24.85,23.0,23.4,60743300
488,2025-11-11,23.7,24.4,23.2,24.35,41135600
489,2025-11-12,24.8,25.75,24.35,25.45,52122100
490,2025-11-13,25.5,25.55,24.8,25.0,36123000
491,2025-11-14,24.9,26.25,24.7,25.8,47746700
492,2025-11-17,25.95,26.15,25.55,26.0,30010300
493,2025-11-18,26.1,26.7,25.6,26.0,44335700
